FirstName,LastName,MiddleName,StartDate,EndDate,CreateDate,CreatedBy,ModifiedDate,ModifiedBy,BirthDate,salary,Gender
Dmitri,Stoianov,A,02/05/2005,,02/20/2005,asuri,02/20/2005,asuri,02/03/1952,57000,m
joo han,lee,B,02/06/2005,,02/21/2005,asuri,02/21/2005,asuri,05/23/1958,40200,m
Rick,Rhodes,C,02/07/2005,,02/22/2005,asuri,02/22/2005,asuri,07/26/1929,21450,f
Arthur,Bartholomew,D,02/08/2005,,02/23/2005,asuri,02/23/2005,asuri,04/15/1947,21900,f
Lee,Roloff,E,02/09/2005,,02/24/2005,asuri,02/24/2005,asuri,02/09/1955,45000,m
Byron,Contreras,F,02/10/2005,,02/25/2005,asuri,02/25/2005,asuri,08/22/1958,32100,m
maria del carmen,lopez,G,02/11/2005,,02/26/2005,asuri,02/26/2005,asuri,04/26/1956,36000,m
Justin,Tran,H,02/12/2005,,02/27/2005,asuri,02/27/2005,asuri,05/06/1966,21900,f
Ricky,Pedernal,I ,02/13/2005,08/02/2007,02/28/2005,asuri,02/28/2005,asuri,01/23/1946,27900,f
grigor,godjabashian,J,02/14/2005,,03/01/2005,asuri,03/01/2005,asuri,02/13/1946,24000,f
Adriana,Vazquez,K,02/15/2005,,03/02/2005,asuri,03/02/2005,asuri,02/07/1950,30300,f
Kuldip,Bains,L,02/16/2005,,03/03/2005,asuri,03/03/2005,asuri,01/11/1966,28350,m
Carlos,Ponce,A,02/17/2005,,03/04/2005,asuri,03/04/2005,asuri,07/17/1960,27750,m
Haley,Kaufman,B,02/18/2005,,03/05/2005,asuri,03/05/2005,asuri,02/26/1949,35100,f
OSWALDO,ORELLANA,C,02/19/2005,,03/06/2005,asuri,03/06/2005,asuri,08/29/1962,27300,m
paul ,grewal,D,02/20/2005,,03/07/2005,asuri,03/07/2005,asuri,11/17/1964,40800,m
Christopher,Paddock,E,02/21/2005,,03/08/2005,asuri,03/08/2005,asuri,07/18/1962,46000,m
Mihail,Gotisan,F,02/22/2005,,03/09/2005,asuri,03/09/2005,asuri,03/20/1956,103750,m
Alvin,Chen,G,02/23/2005,,03/10/2005,asuri,03/10/2005,asuri,08/19/1962,42300,m
Jennifer,Bairos,H,02/24/2005,,03/11/2005,asuri,03/11/2005,asuri,01/23/1940,26250,f
Tony ,Tran,I ,02/25/2005,,03/12/2005,asuri,03/12/2005,asuri,02/19/1963,38850,f
Tarnjeet,Singh ,J,02/26/2005,,03/13/2005,asuri,03/13/2005,asuri,09/24/1940,21750,m
Hector ,Amaya,K,02/27/2005,,03/14/2005,asuri,03/14/2005,asuri,03/15/1965,24000,f
sartaj,chouhan,L,02/28/2005,,03/15/2005,asuri,03/15/2005,asuri,03/27/1933,16950,f
Maja,Rankovic,A,03/01/2005,08/18/2007,03/16/2005,asuri,03/16/2005,asuri,07/01/1942,21150,f
PAUL,NGUYEN,B,03/02/2005,,03/17/2005,asuri,03/17/2005,asuri,11/08/1966,31050,m
amarjit,hundal,C,03/03/2005,,03/18/2005,asuri,03/18/2005,asuri,03/19/1954,60375,m
INDERJIT,SINGH,D,03/04/2005,,03/19/2005,asuri,03/19/2005,asuri,04/11/1963,32550,m
Daniel,Mavis,E,03/05/2005,,03/20/2005,asuri,03/20/2005,asuri,01/28/1944,135000,m
Alberto,Garcia,F,03/06/2005,,03/21/2005,asuri,03/21/2005,asuri,09/17/1961,31200,m
manjit,singh,G,03/07/2005,,03/22/2005,asuri,03/22/2005,asuri,02/24/1964,36150,m
Jeff,peterson,H,03/08/2005,,03/23/2005,asuri,03/23/2005,asuri,01/28/1954,110625,m
Pedro,Contreras,I ,03/09/2005,,03/24/2005,asuri,03/24/2005,asuri,03/18/1961,42000,m
Martin,Padilla,J,03/10/2005,,03/25/2005,asuri,03/25/2005,asuri,02/02/1949,92000,m
JESUS,SENCION,K,03/11/2005,,03/26/2005,asuri,03/26/2005,asuri,08/22/1961,81250,m
Karolina,Falowski,L,03/12/2005,,03/27/2005,asuri,03/27/2005,asuri,08/07/1963,31350,f
dane,koteski,A,03/13/2005,,03/28/2005,asuri,03/28/2005,asuri,10/09/1954,29100,m
Veronica,Gonzalez,B,03/14/2005,,03/29/2005,asuri,03/29/2005,asuri,04/27/1962,31350,m
John,Prock,C,03/15/2005,,03/30/2005,asuri,03/30/2005,asuri,06/22/1960,36000,m
jagbir,dosanjh,D,03/16/2005,,03/31/2005,asuri,03/31/2005,asuri,08/28/1933,19200,f
dilbagh,sandhar,E,03/17/2005,,04/01/2005,asuri,04/01/2005,asuri,03/18/1961,23550,f
Pascual,Ontiveros,F,03/18/2005,,04/02/2005,asuri,04/02/2005,asuri,09/23/1960,35100,m
karen,navarrete,G,03/19/2005,,04/03/2005,asuri,04/03/2005,asuri,01/18/1964,23250,m
Will,Crum,H,03/20/2005,,04/04/2005,asuri,04/04/2005,asuri,06/15/1963,29250,m
yusuf,mamedov,I ,03/21/2005,,04/05/2005,asuri,04/05/2005,asuri,08/02/1938,30750,m
Hyung,Han,J,03/22/2005,,04/06/2005,asuri,04/06/2005,asuri,11/18/1940,22350,f
ASHA,MASSEY,K,03/23/2005,,04/07/2005,asuri,04/07/2005,asuri,04/28/1938,30000,f
Jim,McCartney,L,04/02/2005,,04/17/2005,asuri,04/17/2005,asuri,06/07/1947,30750,m
DARELL,RICKER,A,04/12/2005,,04/27/2005,asuri,04/27/2005,asuri,09/16/1958,34800,m
vahagurupal,pummay,B,04/22/2005,,05/07/2005,asuri,05/07/2005,asuri,02/09/1960,60000,m
Fernando,Virgen,C,05/02/2005,,05/17/2005,asuri,05/17/2005,asuri,07/08/1962,35550,m
PARAMVEER,BUAL,D,05/12/2005,,05/27/2005,asuri,05/27/2005,asuri,11/12/1963,45150,m
Victor,Elvira,E,05/22/2005,,06/06/2005,asuri,06/06/2005,asuri,04/21/1954,73750,m
Lambar,Singh,F,06/01/2005,,06/16/2005,asuri,06/16/2005,asuri,06/04/1931,25050,m
surinder,saini,G,06/11/2005,,06/26/2005,asuri,06/26/2005,asuri,06/25/1960,27000,m
Jessica,carr,H,06/21/2005,,07/06/2005,asuri,07/06/2005,asuri,04/16/1962,26850,m
Peter,Tarasyuk,I ,07/01/2005,,07/16/2005,asuri,07/16/2005,asuri,04/15/1963,33900,m
Sandaldeep,Jassar,J,07/11/2005,,07/26/2005,asuri,07/26/2005,asuri,11/14/1964,26400,f
Jennifer,Farringer,K,07/21/2005,,08/05/2005,asuri,08/05/2005,asuri,05/07/1961,28050,m
Andy,Quach,L,07/31/2005,,08/15/2005,asuri,08/15/2005,asuri,02/16/1959,30900,m
MARIO,SALAZAR,D,08/10/2005,,08/25/2005,asuri,08/25/2005,asuri,04/28/1964,22500,m
Art,Gonzales,E,08/20/2005,11/06/2013,09/04/2005,asuri,09/04/2005,asuri,07/18/1962,48000,m
LORENZO,MARQUEZ,F,08/30/2005,11/16/2013,09/14/2005,asuri,09/14/2005,asuri,08/20/1961,55000,m
Jose,Mendoza,G,09/09/2005,11/26/2013,09/24/2005,asuri,09/24/2005,asuri,09/28/1963,53125,m
Pedro,Cruz,H,09/19/2005,12/06/2013,10/04/2005,asuri,10/04/2005,asuri,03/28/1964,21900,m
JASWINDER,BANWAIT,I ,09/29/2005,12/16/2013,10/14/2005,asuri,10/14/2005,asuri,02/16/1962,78125,m
Harb,Lidder,J,10/09/2005,12/26/2013,10/24/2005,asuri,10/24/2005,asuri,05/28/1964,46000,m
CARY,CUNDIFF,K,10/19/2005,01/05/2014,11/03/2005,asuri,11/03/2005,asuri,05/05/1963,45250,m
SEROB,YEGOYAN,L,10/29/2005,01/15/2014,11/13/2005,asuri,11/13/2005,asuri,06/23/1960,56550,m
javier,lopez,A,11/08/2005,01/25/2014,11/23/2005,asuri,11/23/2005,asuri,02/08/1962,41100,m
VICTOR,ALCANTAR,B,11/18/2005,02/04/2014,12/03/2005,asuri,12/03/2005,asuri,08/26/1948,82500,m
Elreno,Adair,C,11/28/2005,02/14/2014,12/13/2005,asuri,12/13/2005,asuri,01/07/1964,54000,f
Doug,Petersen,D,12/08/2005,02/24/2014,12/23/2005,asuri,12/23/2005,asuri,02/09/1968,26400,f
Benjamin,Felix,E,12/18/2005,03/06/2014,01/02/2006,asuri,01/02/2006,asuri,04/28/1933,33900,f
gabriel,caceres,F,12/28/2005,03/16/2014,01/12/2006,asuri,01/12/2006,asuri,08/12/1965,24150,f
Raymond,Hoover,G,01/07/2006,03/26/2014,01/22/2006,asuri,01/22/2006,asuri,09/03/1967,29250,f
cesar,perez,H,01/17/2006,04/05/2014,02/01/2006,asuri,02/01/2006,asuri,09/09/1968,27600,f
Arturo,Carrillo,I ,01/27/2006,04/15/2014,02/11/2006,asuri,02/11/2006,asuri,08/20/1968,22950,f
lucky,singh,J,02/06/2006,04/25/2014,02/21/2006,asuri,02/21/2006,asuri,01/23/1962,34800,f
Martha,Sandino,K,02/26/2006,05/15/2014,03/13/2006,asuri,03/13/2006,asuri,05/25/1961,51000,f
Felix,Flores,L,03/18/2006,06/04/2014,04/02/2006,asuri,04/02/2006,asuri,03/12/1968,24300,f
Kevin,Finta,A,04/07/2006,,04/22/2006,asuri,04/22/2006,asuri,08/28/1947,24750,f
Andres,Mabalot,B,04/27/2006,,05/12/2006,asuri,05/12/2006,asuri,10/12/1967,22950,f
Jeffrey,Chen,C,05/17/2006,,06/01/2006,asuri,06/01/2006,asuri,03/12/1967,25050,f
Ramiro,Garcia ,D,06/06/2006,,06/21/2006,asuri,06/21/2006,asuri,04/09/1962,25950,m
Tronghuy,Pham,E,06/26/2006,,07/11/2006,asuri,07/11/2006,asuri,08/25/1961,31650,m
Joe,Lynch,F,07/16/2006,,07/31/2006,asuri,07/31/2006,asuri,10/20/1959,24150,m
florencio,santos,G,08/05/2006,,08/20/2006,asuri,08/20/2006,asuri,02/10/1962,72500,m
Ivo,Gospodinov,H,08/25/2006,,09/09/2006,asuri,09/09/2006,asuri,06/24/1961,68750,m
Gurminder,Singh,I ,09/14/2006,,09/29/2006,asuri,09/29/2006,asuri,02/27/1938,16200,f
HARPAL,BHATTI,J,10/04/2006,,10/19/2006,asuri,10/19/2006,asuri,11/04/1967,20100,f
patty,gates,K,10/24/2006,,11/08/2006,asuri,11/08/2006,asuri,06/25/1968,24000,f
Ismael,Flores,L,11/13/2006,,11/28/2006,asuri,11/28/2006,asuri,03/05/1968,25950,f
eric,thomas,A,12/03/2006,,12/18/2006,asuri,12/18/2006,asuri,08/04/1950,24600,f
Carol ,Close,B,12/23/2006,,01/07/2007,asuri,01/07/2007,asuri,08/08/1968,28500,f
Darrell,Stafford,C,01/12/2007,,01/27/2007,asuri,01/27/2007,asuri,10/02/1933,30750,m
Jesus,Medina,D,02/01/2007,,02/16/2007,asuri,02/16/2007,asuri,01/18/1953,40200,m
none,crown xpress transport,E,02/21/2007,,03/08/2007,asuri,03/08/2007,asuri,05/17/1956,30000,m
fabiola,rodriguez,F,03/13/2007,,03/28/2007,asuri,03/28/2007,asuri,07/07/1968,22050,f
marlane,delgado,G,04/02/2007,,04/17/2007,asuri,04/17/2007,asuri,10/25/1963,78250,m
Jose ,Cardenas,H,04/22/2007,,05/07/2007,asuri,05/07/2007,asuri,03/14/1960,60625,m
fernando,martins,I ,05/12/2007,,05/27/2007,asuri,05/27/2007,asuri,03/28/1963,39900,m
resad,vukovic,J,06/01/2007,,06/16/2007,asuri,06/16/2007,asuri,03/17/1959,97000,m
Ambrosia,Walker,K,06/21/2007,,07/06/2007,asuri,07/06/2007,asuri,11/05/1962,27450,m
EDWIN,CABRERA,L,07/11/2007,,07/26/2007,asuri,07/26/2007,asuri,03/07/1966,31650,m
Atanas,Chterev,A,07/31/2007,,08/15/2007,asuri,08/15/2007,asuri,08/04/1962,91250,m
Luzia,Fortin,B,08/20/2007,,09/04/2007,asuri,09/04/2007,asuri,08/16/1960,25200,f
Michelle,Wiley,C,09/09/2007,,09/24/2007,asuri,09/24/2007,asuri,07/16/1930,21000,f
Bill,Baker,D,09/29/2007,,10/14/2007,asuri,10/14/2007,asuri,11/10/1963,30450,m
Jeff,Lardent,E,10/19/2007,,11/03/2007,asuri,11/03/2007,asuri,10/29/1952,28350,m
Alex,Chernov,F,11/08/2007,,11/23/2007,asuri,11/23/2007,asuri,11/27/1940,30750,m
Jose Augusto,Aguilar Carazo,G,11/28/2007,,12/13/2007,asuri,12/13/2007,asuri,06/21/1948,30750,m
BALBINDER,DHILLON,H,12/18/2007,,01/02/2008,asuri,01/02/2008,asuri,10/06/1959,54875,m
Rigoberto,Martinez Sanchez ,I ,01/07/2008,,01/22/2008,asuri,01/22/2008,asuri,08/25/1961,37800,m
Lisa,Dahlke,J,01/27/2008,,02/11/2008,asuri,02/11/2008,asuri,05/12/1961,33450,m
jagtar,singh,K,02/16/2008,,03/02/2008,asuri,03/02/2008,asuri,06/09/1962,30300,m
Amanpreet,Kaler,L,03/07/2008,,03/22/2008,asuri,03/22/2008,asuri,01/14/1932,31500,f
lucian,leuca,A,03/27/2008,,04/11/2008,asuri,04/11/2008,asuri,03/04/1964,31650,f
Aram,Titizyan,B,04/16/2008,,05/01/2008,asuri,05/01/2008,asuri,07/23/1963,25200,f
Andy,Schmidt,C,05/06/2008,,05/21/2008,asuri,05/21/2008,asuri,11/12/1964,37800,f
surjit,singh,D,05/26/2008,,06/10/2008,asuri,06/10/2008,asuri,08/06/1936,18750,f
Jorge,Lopez,E,06/15/2008,,06/30/2008,asuri,06/30/2008,asuri,09/26/1965,32550,f
Harry,Iknadosian,F,07/05/2008,,07/20/2008,asuri,07/20/2008,asuri,04/24/1949,33300,f
RANDY ,DOMINGIEZ ,G,07/25/2008,,08/09/2008,asuri,08/09/2008,asuri,05/29/1963,38550,f
Manuel,Lopez,H,08/14/2008,,08/29/2008,asuri,08/29/2008,asuri,08/06/1956,27450,m
Gene,Dent,I ,09/03/2008,,09/18/2008,asuri,09/18/2008,asuri,01/21/1951,24300,m
JORGE,VAZQUEZ,J,09/23/2008,,10/08/2008,asuri,10/08/2008,asuri,09/01/1950,30750,m
DASHAWN,JORDAN,K,10/13/2008,,10/28/2008,asuri,10/28/2008,asuri,07/25/1946,19650,f
shamsher,singh,L,11/02/2008,,11/17/2008,asuri,11/17/2008,asuri,07/18/1959,68750,m
Wade,stephens,D,11/22/2008,,12/07/2008,asuri,12/07/2008,asuri,09/06/1958,59375,m
BALTEJ,DHALIWAL,E,12/12/2008,,12/27/2008,asuri,12/27/2008,asuri,02/08/1962,31500,m
alen,banjic,F,01/01/2009,,01/16/2009,asuri,01/16/2009,asuri,05/17/1953,27300,m
none,GJEXPRESS,G,01/21/2009,,02/05/2009,asuri,02/05/2009,asuri,09/12/1959,27000,m
Glen,Bonnema,H,02/10/2009,,02/25/2009,asuri,02/25/2009,asuri,11/10/1941,41550,f
KHACHIK,MADARIAN,I ,03/02/2009,,03/17/2009,asuri,03/17/2009,asuri,05/22/1968,26250,f
Gizzell,Monterrosa,J,03/22/2009,,04/06/2009,asuri,04/06/2009,asuri,08/25/1939,22200,m
Everett,Anderson,K,04/11/2009,,04/26/2009,asuri,04/26/2009,asuri,07/12/1937,65000,m
saul,gonzalez,L,05/01/2009,,05/16/2009,asuri,05/16/2009,asuri,01/09/1947,30900,m
Eddie, BABAKHANYAN,A,05/21/2009,,06/05/2009,asuri,06/05/2009,asuri,06/18/1931,20100,f
PIERRE,LE BRETON,B,06/10/2009,,06/25/2009,asuri,06/25/2009,asuri,04/05/1965,22350,f
Sukhchain,Singh,C,06/30/2009,,07/15/2009,asuri,07/15/2009,asuri,06/14/1966,35550,f
Jose,Oseguera,D,07/20/2009,,08/04/2009,asuri,08/04/2009,asuri,11/13/1966,28500,f
Manuel Jesus,Echegoyen,E,08/09/2009,,08/24/2009,asuri,08/24/2009,asuri,08/24/1939,24450,f
Salvador,Romero,F,08/29/2009,,09/13/2009,asuri,09/13/2009,asuri,08/28/1931,16650,f
Gil,Mendez,G,09/18/2009,,10/03/2009,asuri,10/03/2009,asuri,01/15/1964,26700,m
FELIPE,VAZQUEZ,H,10/08/2009,,10/23/2009,asuri,10/23/2009,asuri,01/02/1951,43950,m
Kathy,Ivanov,I ,10/28/2009,,11/12/2009,asuri,11/12/2009,asuri,09/11/1936,23700,m
Larry,Robinson,J,11/17/2009,,12/02/2009,asuri,12/02/2009,asuri,10/05/1959,26550,f
Gurjit,Aujla,K,12/07/2009,,12/22/2009,asuri,12/22/2009,asuri,06/28/1962,27600,m
SUSAN,OLVERA,L,12/27/2009,,01/11/2010,asuri,01/11/2010,asuri,03/05/1954,25800,m
VICTOR ,CORTEZ,A,01/16/2010,,01/31/2010,asuri,01/31/2010,asuri,08/16/1954,42300,m
Nickie,Michon,B,02/05/2010,,02/20/2010,asuri,02/20/2010,asuri,05/03/1929,30750,m
Bagga,Rnadhawa,C,02/25/2010,,03/12/2010,asuri,03/12/2010,asuri,05/13/1967,26700,f
Tim,Baumsteiger,D,03/17/2010,,04/01/2010,asuri,04/01/2010,asuri,06/07/1940,20850,f
Phillip,Marshall,E,04/06/2010,,04/21/2010,asuri,04/21/2010,asuri,03/06/1963,35250,m
MARVIN,SUAZO,F,04/26/2010,,05/11/2010,asuri,05/11/2010,asuri,01/12/1963,26700,m
Michael ,Serena,G,05/16/2010,,05/31/2010,asuri,05/31/2010,asuri,07/02/1967,26550,f
Bruce ,Grow,H,06/05/2010,,06/20/2010,asuri,06/20/2010,asuri,09/20/1964,27750,f
Jaime,Olaiz,I ,06/25/2010,,07/10/2010,asuri,07/10/2010,asuri,01/13/1951,25050,f
antonio,mora,J,07/15/2010,,07/30/2010,asuri,07/30/2010,asuri,08/27/1951,66000,m
Sukhchain,bhullar,K,08/04/2010,,08/19/2010,asuri,08/19/2010,asuri,02/11/1963,52650,m
Martin,Rico ,L,08/24/2010,,09/08/2010,asuri,09/08/2010,asuri,05/25/1961,45625,m
Richard,Young,A,09/13/2010,,09/28/2010,asuri,09/28/2010,asuri,11/10/1965,30900,m
Stacey,Ullman,B,10/03/2010,,10/18/2010,asuri,10/18/2010,asuri,08/13/1965,29400,f
dinesh,sharda,C,10/23/2010,01/09/2019,11/07/2010,asuri,11/07/2010,asuri,04/29/1966,33300,f
Serghei,Tulei,D,11/12/2010,,11/27/2010,asuri,11/27/2010,asuri,07/12/1942,21900,f
Gonzalo,Aguilera,E,12/02/2010,,12/17/2010,asuri,12/17/2010,asuri,08/26/1932,18150,f
Juan Manuel,Romero,F,12/22/2010,,01/06/2011,asuri,01/06/2011,asuri,04/23/1962,46875,f
Askar,Lachinov,G,01/11/2011,03/30/2019,01/26/2011,asuri,01/26/2011,asuri,05/23/1965,25500,m
Ilyas,Chakhalidze,H,01/31/2011,,02/15/2011,asuri,02/15/2011,asuri,06/13/1964,26550,m
MANPREET SINGH,MATHARU,I ,02/20/2011,,03/07/2011,asuri,03/07/2011,asuri,01/21/1930,26700,m
mark,mcintyre,J,03/12/2011,,03/27/2011,asuri,03/27/2011,asuri,06/13/1953,29850,f
Aaron,Mosley,K,04/01/2011,,04/16/2011,asuri,04/16/2011,asuri,01/15/1950,69250,m
Sung,Kim,L,04/21/2011,,05/06/2011,asuri,05/06/2011,asuri,01/07/1935,31950,m
Vadim,Kravchuk,A,05/11/2011,,05/26/2011,asuri,05/26/2011,asuri,01/08/1938,26250,m
TONY,CHOUCAIR,B,05/31/2011,,06/15/2011,asuri,06/15/2011,asuri,10/05/1962,35700,f
JOSE,HERRERA,C,06/20/2011,,07/05/2011,asuri,07/05/2011,asuri,08/11/1962,28500,f
KAMAL,SINGH,D,07/10/2011,,07/25/2011,asuri,07/25/2011,asuri,01/17/1938,17100,f
RAFAEL,MARTINEZ,E,07/30/2011,,08/14/2011,asuri,08/14/2011,asuri,01/19/1965,25200,m
James,McMurtry,F,08/19/2011,,09/03/2011,asuri,09/03/2011,asuri,01/23/1960,24000,f
JESUS,RAMOS,G,09/08/2011,,09/23/2011,asuri,09/23/2011,asuri,01/04/1939,27450,f
ranjeet,singh,H,09/28/2011,,10/13/2011,asuri,10/13/2011,asuri,03/08/1943,18450,f
Kathy,Tran,I ,10/18/2011,,11/02/2011,asuri,11/02/2011,asuri,03/01/1960,39300,m
DOUG,BOWER,J,11/07/2011,,11/22/2011,asuri,11/22/2011,asuri,11/05/1964,38850,m
Jose,Carrizalez Jr,K,11/27/2011,,12/12/2011,asuri,12/12/2011,asuri,08/28/1930,30750,m
Mario,Serrano,L,12/17/2011,,01/01/2012,asuri,01/01/2012,asuri,07/06/1964,37500,m
Jenoveva S,De Samudio,A,01/06/2012,,01/21/2012,asuri,01/21/2012,asuri,07/29/1963,58750,m
MICHELLE,UNAMUNO,B,01/26/2012,,02/10/2012,asuri,02/10/2012,asuri,02/04/1934,34500,f
Adrian,Concepcion,C,02/15/2012,05/03/2020,03/01/2012,asuri,03/01/2012,asuri,03/28/1950,36000,f
JACINTO,MARTINEZ,D,03/06/2012,,03/21/2012,asuri,03/21/2012,asuri,11/15/1932,29100,f
jose,pineda,E,03/26/2012,,04/10/2012,asuri,04/10/2012,asuri,10/23/1931,16500,f
mikhail,kolesnikov,F,04/15/2012,,04/30/2012,asuri,04/30/2012,asuri,10/09/1949,19650,m
Volodymyr,Sklyaruk,G,05/05/2012,,05/20/2012,asuri,05/20/2012,asuri,07/22/1966,24750,f
Arturo,Duarte,H,05/25/2012,,06/09/2012,asuri,06/09/2012,asuri,04/10/1938,27150,f
Palwinder,Singh,I ,06/14/2012,,06/29/2012,asuri,06/29/2012,asuri,11/06/1955,26400,f
GILDARDO,CARDENAS,J,07/04/2012,,07/19/2012,asuri,07/19/2012,asuri,03/03/1946,23100,f
ERNESTO,SIGALA,K,07/24/2012,,08/08/2012,asuri,08/08/2012,asuri,10/01/1962,54900,m
ATSUSHI,KAWASAKI,L,08/13/2012,,08/28/2012,asuri,08/28/2012,asuri,03/17/1952,70875,m
waldo,santos,D,09/02/2012,,09/17/2012,asuri,09/17/2012,asuri,02/02/1958,51250,m
Steven,DeMass,E,09/22/2012,,10/07/2012,asuri,10/07/2012,asuri,02/13/1963,67500,m
MYKOLA,NUMCHUK,F,10/12/2012,,10/27/2012,asuri,10/27/2012,asuri,05/08/1955,29340,m
DONG JIN,BYUN,G,11/01/2012,,11/16/2012,asuri,11/16/2012,asuri,03/17/1963,39600,m
Jaime ,Hernandez,H,11/21/2012,,12/06/2012,asuri,12/06/2012,asuri,03/17/1964,29100,m
Sergio,Barby,I ,12/11/2012,,12/26/2012,asuri,12/26/2012,asuri,10/21/1960,33150,m
Chris,Champion,J,12/31/2012,,01/15/2013,asuri,01/15/2013,asuri,06/22/1944,66750,m
martin,ramirez,K,01/20/2013,,02/04/2013,asuri,02/04/2013,asuri,05/22/1943,33750,m
Kelly,Altendorf,L,02/09/2013,,02/24/2013,asuri,02/24/2013,asuri,02/15/1959,27300,m
Freddy ,James,A,03/01/2013,,03/16/2013,asuri,03/16/2013,asuri,11/28/1968,24000,f
lakhbir,hothi,B,03/21/2013,,04/05/2013,asuri,04/05/2013,asuri,01/14/1934,19800,f
ray,taylor,C,04/10/2013,,04/25/2013,asuri,04/25/2013,asuri,05/04/1949,30600,m
Alan,Simonis,D,04/30/2013,,05/15/2013,asuri,05/15/2013,asuri,11/08/1950,28950,m
BOOTA,RATHOUR,E,05/20/2013,,06/04/2013,asuri,06/04/2013,asuri,05/14/1965,38400,m
Onkar,Singh,F,06/09/2013,,06/24/2013,asuri,06/24/2013,asuri,10/20/1945,30750,m
Sergio,Maradiaga,G,06/29/2013,,07/14/2013,asuri,07/14/2013,asuri,09/13/1968,20400,f
dan,krist,H,07/19/2013,,08/03/2013,asuri,08/03/2013,asuri,09/15/1968,19200,f
Ryan,Penaroza,I ,08/08/2013,,08/23/2013,asuri,08/23/2013,asuri,05/16/1964,30150,m
Orlando,Martel Jr.,J,08/28/2013,,09/12/2013,asuri,09/12/2013,asuri,03/15/1949,34620,m
Ronald,Camese,K,09/17/2013,,10/02/2013,asuri,10/02/2013,asuri,03/21/1964,80000,m
Jorge,Rosa,L,10/07/2013,,10/22/2013,asuri,10/22/2013,asuri,02/02/1963,25350,m
Wendy,Bumann,A,10/27/2013,,11/11/2013,asuri,11/11/2013,asuri,08/17/1963,29850,m
DONVU,NGUYEN,B,11/16/2013,,12/01/2013,asuri,12/01/2013,asuri,05/22/1947,24000,f
Raul,Sanchez,C,12/06/2013,,12/21/2013,asuri,12/21/2013,asuri,09/15/1935,27750,f
Bronislav,Futerman,D,12/26/2013,,01/10/2014,asuri,01/10/2014,asuri,03/14/1942,22350,f
TARSEM,SINGH,E,01/15/2014,,01/30/2014,asuri,01/30/2014,asuri,11/20/1934,16200,f
gurmail,singh,F,02/04/2014,,02/19/2014,asuri,02/19/2014,asuri,10/13/1967,21900,f
carlos,flores,G,02/24/2014,,03/11/2014,asuri,03/11/2014,asuri,06/21/1964,23250,f
feliciano,mendoza,H,03/16/2014,,03/31/2014,asuri,03/31/2014,asuri,07/17/1965,33900,f
Jeff,Ni,I ,04/05/2014,,04/20/2014,asuri,04/20/2014,asuri,09/21/1963,25650,f
TEJINDERJIT,HUNDAL,J,04/25/2014,,05/10/2014,asuri,05/10/2014,asuri,08/21/1940,17250,f
GURBAZ,SIDHU,K,05/15/2014,,05/30/2014,asuri,05/30/2014,asuri,02/04/1934,22500,m
allan,huth,L,06/04/2014,,06/19/2014,asuri,06/19/2014,asuri,01/09/1965,40200,m
Curtis,O'Farrell,A,06/24/2014,,07/09/2014,asuri,07/09/2014,asuri,09/13/1963,55500,m
Peter,Amaya,B,06/08/2014,,06/23/2014,asuri,06/23/2014,asuri,07/21/1963,26550,m
Shukri,Kasimov,C,06/28/2014,,07/13/2014,asuri,07/13/2014,asuri,11/12/1960,50550,m
heriberto,perez,D,06/12/2014,,06/27/2014,asuri,06/27/2014,asuri,09/11/1962,75000,m
mario,galeas,E,07/02/2014,,07/17/2014,asuri,07/17/2014,asuri,05/02/1969,27450,f
Viktor,Kurudimov,F,06/16/2014,,07/01/2014,asuri,07/01/2014,asuri,06/04/1969,22650,f
Aurelio,Martins,G,07/06/2014,,07/21/2014,asuri,07/21/2014,asuri,06/15/1969,27300,f
RUBEN S.,CORDOVA,H,06/20/2014,,07/05/2014,asuri,07/05/2014,asuri,09/14/1969,27750,f
JORGE ,ORTIZ,I ,07/10/2014,,07/25/2014,asuri,07/25/2014,asuri,06/15/1961,54375,f
John,Ku,J,06/24/2014,,07/09/2014,asuri,07/09/2014,asuri,08/27/1936,17400,f
JOSEPH,SHINN,K,07/14/2014,,07/29/2014,asuri,07/29/2014,asuri,11/03/1967,40800,f
VLADIMIR,TKACHUK,L,06/28/2014,,07/13/2014,asuri,07/13/2014,asuri,02/10/1969,23100,f
CARLOS HUMBERTO,URRUTIA,A,07/18/2014,,08/02/2014,asuri,08/02/2014,asuri,09/15/1969,22500,f
fuping,feng,B,07/02/2014,,07/17/2014,asuri,07/17/2014,asuri,03/16/1969,26700,f
Luis,Mellado,C,07/22/2014,,08/06/2014,asuri,08/06/2014,asuri,01/14/1968,24900,f
Rick,Armstrong,D,07/06/2014,,07/21/2014,asuri,07/21/2014,asuri,05/13/1968,19650,f
Jose,Portillo,E,07/26/2014,,08/10/2014,asuri,08/10/2014,asuri,04/09/1969,22050,f
Gerardo,Cruz,F,07/10/2014,,07/25/2014,asuri,07/25/2014,asuri,05/09/1969,25500,f
Timothy,Heidelberger,G,07/30/2014,,08/14/2014,asuri,08/14/2014,asuri,10/10/1966,28200,f
Aldin,Ganibegovic,H,07/14/2014,,07/29/2014,asuri,07/29/2014,asuri,01/19/1969,23100,f
cristina,chitu,I ,08/03/2014,,08/18/2014,asuri,08/18/2014,asuri,09/18/1969,25500,m
SERGIO,CONTRERAS,J,07/18/2014,,08/02/2014,asuri,08/02/2014,asuri,02/21/1942,17100,f
Dan,Hubbard,K,08/07/2014,,08/22/2014,asuri,08/22/2014,asuri,02/08/1964,68125,m
Paul,Lartigue,L,07/22/2014,,08/06/2014,asuri,08/06/2014,asuri,08/15/1932,30600,m
FRANCISCO,LOPEZ,A,08/11/2014,,08/26/2014,asuri,08/26/2014,asuri,01/03/1948,52125,m
Ben,Garcia,B,07/26/2014,,08/10/2014,asuri,08/10/2014,asuri,09/24/1951,61875,m
Gevorg,Kirakosyan,C,08/15/2014,,08/30/2014,asuri,08/30/2014,asuri,03/09/1969,21300,m
hoang,dam,D,07/30/2014,,08/14/2014,asuri,08/14/2014,asuri,03/15/1969,19650,f
BOB,ambuehl,E,08/19/2014,,09/03/2014,asuri,09/03/2014,asuri,02/20/1969,22350,f
Edgar,Moctezuma,F,08/03/2014,,08/18/2014,asuri,08/18/2014,asuri,03/27/1969,23400,f
sergey,seroshtan,G,08/23/2014,,09/07/2014,asuri,09/07/2014,asuri,06/20/1968,24300,f
Joaquin,Camacho,H,08/07/2014,,08/22/2014,asuri,08/22/2014,asuri,10/13/1968,28500,f
Romeo,Hernandez,I ,08/27/2014,,09/11/2014,asuri,09/11/2014,asuri,01/16/1969,19950,f
Donald,Krimes,J,08/11/2014,,08/26/2014,asuri,08/26/2014,asuri,09/24/1969,23400,f
mauricio,villaverde,K,08/31/2014,02/16/2017,09/15/2014,asuri,09/15/2014,asuri,10/07/1963,34500,f
Delmy Rubia,Heernandez,L,08/15/2014,,08/30/2014,asuri,08/30/2014,asuri,08/24/1969,18150,f
Joe,Williams,D,09/04/2014,,09/19/2014,asuri,09/19/2014,asuri,05/16/1936,22350,m
MIGUEL,ANGEL,E,08/19/2014,,09/03/2014,asuri,09/03/2014,asuri,03/17/1966,40200,m
Douglas ,Farnsworth,F,09/08/2014,,09/23/2014,asuri,09/23/2014,asuri,10/29/1947,28650,m
Glen,Walker,G,08/23/2014,,09/07/2014,asuri,09/07/2014,asuri,08/24/1963,27750,m
Rajender,Dhingra,H,09/12/2014,,09/27/2014,asuri,09/27/2014,asuri,06/17/1964,66875,m
Eliseo,Moreno Gonzalez,I ,08/27/2014,,09/11/2014,asuri,09/11/2014,asuri,11/12/1939,30000,m
Mallory,Sylvester,J,09/16/2014,,10/01/2014,asuri,10/01/2014,asuri,08/04/1964,83750,m
margarito ,santos ,K,08/31/2014,,09/15/2014,asuri,09/15/2014,asuri,01/14/1963,33900,m
MIRIAM,LOPEZ,L,09/20/2014,,10/05/2014,asuri,10/05/2014,asuri,05/11/1965,56500,m
Mark,Shagoury,A,09/04/2014,,09/19/2014,asuri,09/19/2014,asuri,05/20/1965,43000,f
john,wright,B,09/24/2014,,10/09/2014,asuri,10/09/2014,asuri,06/12/1943,20850,f
Wade,Higbee,C,09/08/2014,,09/23/2014,asuri,09/23/2014,asuri,04/16/1969,24450,f
Jeffrey,Hill,D,09/28/2014,,10/13/2014,asuri,10/13/2014,asuri,10/20/1969,24750,f
eduardo,perez,E,09/12/2014,,09/27/2014,asuri,09/27/2014,asuri,02/18/1945,34500,m
ISRAR,KHAN,F,10/02/2014,,10/17/2014,asuri,10/17/2014,asuri,09/15/1963,27900,m
JESUS,RAMOS,G,09/16/2014,,10/01/2014,asuri,10/01/2014,asuri,02/25/1963,68125,m
Mike,Freese,H,10/06/2014,,10/21/2014,asuri,10/21/2014,asuri,10/10/1961,73500,m
Jesse,Jiminez,I ,09/20/2014,,10/05/2014,asuri,10/05/2014,asuri,05/28/1930,30750,m
Linda,Decker,J,10/10/2014,,10/25/2014,asuri,10/25/2014,asuri,03/07/1958,40050,m
Richard,Johnson,K,09/24/2014,,10/09/2014,asuri,10/09/2014,asuri,01/18/1965,40350,m
VICTOR,CHISEEV,L,10/14/2014,,10/29/2014,asuri,10/29/2014,asuri,01/22/1955,38700,m
gursimar,guron,A,09/28/2014,,10/13/2014,asuri,10/13/2014,asuri,10/27/1964,65000,m
ron,winner,B,10/18/2014,,11/02/2014,asuri,11/02/2014,asuri,04/05/1954,51450,m
sukhwinder,singh,C,10/02/2014,,10/17/2014,asuri,10/17/2014,asuri,09/23/1934,35250,m
Ed,Gordon,D,10/22/2014,,11/06/2014,asuri,11/06/2014,asuri,05/07/1963,25950,m
manuel,cuevas,E,10/06/2014,,10/21/2014,asuri,10/21/2014,asuri,09/19/1965,25050,m
ROBERT ,YOUN,F,10/26/2014,,11/10/2014,asuri,11/10/2014,asuri,10/10/1968,26700,m
Froylan,Cruz,G,10/10/2014,,10/25/2014,asuri,10/25/2014,asuri,08/20/1932,24000,m
Artemio,Rocha,H,10/30/2014,,11/14/2014,asuri,11/14/2014,asuri,02/12/1964,26850,m
masood,ahmed,I ,10/14/2014,,10/29/2014,asuri,10/29/2014,asuri,04/16/1942,23400,f
Manjinder ,Singh,J,11/03/2014,,11/18/2014,asuri,11/18/2014,asuri,08/24/1966,24600,f
Francisco,Ramirez,K,10/18/2014,,11/02/2014,asuri,11/02/2014,asuri,05/11/1965,32550,f
ALVARO,PACHECO,L,11/07/2014,,11/22/2014,asuri,11/22/2014,asuri,05/26/1960,26550,m
LUIS RICARDO,MOLINA,A,10/22/2014,04/09/2017,11/06/2014,asuri,11/06/2014,asuri,08/04/1968,31500,m
Ahmad,Ali,B,11/11/2014,04/29/2017,11/26/2014,asuri,11/26/2014,asuri,09/28/1939,22350,m
KAMALJIT ,KAUR,C,10/26/2014,04/13/2017,11/10/2014,asuri,11/10/2014,asuri,02/10/1938,35250,m
Randy,McKinney,D,11/15/2014,05/03/2017,11/30/2014,asuri,11/30/2014,asuri,09/28/1945,25800,f
Juvie,Macias,E,10/30/2014,04/17/2017,11/14/2014,asuri,11/14/2014,asuri,10/25/1941,30750,m
steve,wright,F,11/19/2014,05/07/2017,12/04/2014,asuri,12/04/2014,asuri,04/05/1966,30750,m
Elvin,Warren,G,11/03/2014,04/21/2017,11/18/2014,asuri,11/18/2014,asuri,07/24/1945,50000,m
ETHAN ,CHE,H,11/23/2014,,12/08/2014,asuri,12/08/2014,asuri,02/01/1963,34500,m
Lela,Guerrero,I ,11/07/2014,,11/22/2014,asuri,11/22/2014,asuri,07/19/1964,26250,m
Manuel ,Molina,J,11/27/2014,,12/12/2014,asuri,12/12/2014,asuri,03/23/1964,44875,m
william,atkins,K,11/11/2014,,11/26/2014,asuri,11/26/2014,asuri,02/15/1951,22500,f
Oscar,Ortiz,L,12/01/2014,,12/16/2014,asuri,12/16/2014,asuri,03/12/1963,25650,f
Walt,Pene,A,11/15/2014,,11/30/2014,asuri,11/30/2014,asuri,10/25/1969,21300,f
RUFINO,ALARCON,B,12/05/2014,,12/20/2014,asuri,12/20/2014,asuri,11/24/1966,29850,f
TINO,TSAI,C,11/19/2014,,12/04/2014,asuri,12/04/2014,asuri,09/19/1969,34500,f
Mariana,Bramstedt,D,12/09/2014,,12/24/2014,asuri,12/24/2014,asuri,01/14/1960,27750,m
Thomas,Williams,E,11/23/2014,,12/08/2014,asuri,12/08/2014,asuri,02/27/1969,27750,m
RAFIK,KACHIKYAN,F,12/13/2014,,12/28/2014,asuri,12/28/2014,asuri,02/19/1961,48750,m
Miguel,Caballero,G,11/27/2014,,12/12/2014,asuri,12/12/2014,asuri,03/02/1966,43410,m
William,Wade,H,12/17/2014,,01/01/2015,asuri,01/01/2015,asuri,11/10/1936,22050,m
Serge,Podolchuk,I ,12/01/2014,,12/16/2014,asuri,12/16/2014,asuri,10/26/1953,22050,f
MARTIN,HEREDIA,J,12/21/2014,,01/05/2015,asuri,01/05/2015,asuri,03/02/1938,22500,f
anokh,singh,K,12/05/2014,,12/20/2014,asuri,12/20/2014,asuri,05/13/1967,25500,f
Dan,Miller,L,12/25/2014,,01/09/2015,asuri,01/09/2015,asuri,10/14/1966,29160,f
Mukhtar,Chochaev,A,12/09/2014,,12/24/2014,asuri,12/24/2014,asuri,11/04/1934,16800,f
Elvir,mehmedovic,B,12/29/2014,,01/13/2015,asuri,01/13/2015,asuri,07/24/1958,29550,m
Sukhbir ,Singh,C,12/13/2014,,12/28/2014,asuri,12/28/2014,asuri,03/02/1965,26700,m
Maria  de jesus,Marquez,D,01/02/2015,,01/17/2015,asuri,01/17/2015,asuri,10/25/1952,55000,m
Stephen ,Kloke,E,12/17/2014,,01/01/2015,asuri,01/01/2015,asuri,08/24/1958,62500,m
ROGELIO,RODRIGUEZ,F,01/06/2015,,01/21/2015,asuri,01/21/2015,asuri,05/09/1959,27300,m
Alonso,Reyes,G,12/21/2014,,01/05/2015,asuri,01/05/2015,asuri,02/04/1942,24450,f
GILBERT,CHOI,H,01/10/2015,,01/25/2015,asuri,01/25/2015,asuri,05/10/1964,33000,f
leah,abraham,I ,12/25/2014,,01/09/2015,asuri,01/09/2015,asuri,01/26/1965,37050,f
Miguel,Lorenzana,J,01/14/2015,,01/29/2015,asuri,01/29/2015,asuri,05/09/1966,24450,f
CESAR,FRAGA,K,12/29/2014,,01/13/2015,asuri,01/13/2015,asuri,02/26/1930,31950,m
Colleen,Geurts,L,01/18/2015,,02/02/2015,asuri,02/02/2015,asuri,01/10/1964,47250,m
Maninder ,Singh,D,01/02/2015,,01/17/2015,asuri,01/17/2015,asuri,01/27/1970,26100,f
Philip,Acosta,E,01/22/2015,,02/06/2015,asuri,02/06/2015,asuri,08/12/1938,15900,f
Mark,Phillips,F,01/06/2015,06/24/2017,01/21/2015,asuri,01/21/2015,asuri,11/07/1942,23700,f
Pedro,Ayala,G,01/26/2015,,02/10/2015,asuri,02/10/2015,asuri,05/06/1934,21750,f
JOGINDER,RANA,H,01/10/2015,,01/25/2015,asuri,01/25/2015,asuri,01/20/1945,59400,m
Dinu V.,Popescu,I ,01/30/2015,,02/14/2015,asuri,02/14/2015,asuri,06/01/1948,24450,f
Ram,Kumar,J,01/14/2015,,01/29/2015,asuri,01/29/2015,asuri,06/09/1953,103500,m
ANNA ,TIKHONIN,K,02/03/2015,,02/18/2015,asuri,02/18/2015,asuri,10/13/1963,35700,m
IRAN,PEREZ,L,01/18/2015,07/06/2017,02/02/2015,asuri,02/02/2015,asuri,05/05/1969,22200,f
GURINDER,SINGH,A,02/07/2015,,02/22/2015,asuri,02/22/2015,asuri,08/16/1968,22950,f
JORGE,ENAMORADO,B,01/22/2015,,02/06/2015,asuri,02/06/2015,asuri,08/10/1944,23100,f
Paramjit,Grewal,C,02/11/2015,,02/26/2015,asuri,02/26/2015,asuri,06/11/1962,56750,f
Roeurth,Reth,D,01/26/2015,,02/10/2015,asuri,02/10/2015,asuri,03/22/1938,29100,f
Gurmukhpal,Singh,E,02/15/2015,,03/02/2015,asuri,03/02/2015,asuri,04/21/1939,37650,f
Rai,Hann,F,01/30/2015,07/18/2017,02/14/2015,asuri,02/14/2015,asuri,01/27/1966,27900,f
christian,hernandez,G,02/19/2015,,03/06/2015,asuri,03/06/2015,asuri,11/26/1933,21150,f
AGUSTIN ,BENITEZ,H,02/03/2015,,02/18/2015,asuri,02/18/2015,asuri,03/10/1955,31200,m
Jorge B,Cisneros,I ,02/23/2015,,03/10/2015,asuri,03/10/2015,asuri,05/08/1946,20550,f
Melanie,Easters,J,02/07/2015,,02/22/2015,asuri,02/22/2015,asuri,05/19/1961,25950,m
Connie,Choi,K,02/27/2015,,03/14/2015,asuri,03/14/2015,asuri,11/10/1965,28350,m
Samuel,Debesay,L,02/11/2015,,02/26/2015,asuri,02/26/2015,asuri,01/18/1932,17700,f
Charanjit ,Bains,A,03/03/2015,,03/18/2015,asuri,03/18/2015,asuri,04/11/1944,23550,f
Roberto,Castaneda,B,02/15/2015,,03/02/2015,asuri,03/02/2015,asuri,06/12/1941,19950,f
Ted,Moline,C,03/07/2015,,03/22/2015,asuri,03/22/2015,asuri,08/11/1968,29400,f
MARIO,SIERRA,D,02/19/2015,,03/06/2015,asuri,03/06/2015,asuri,06/09/1966,28800,f
emiliano,contreras,E,03/11/2015,,03/26/2015,asuri,03/26/2015,asuri,04/08/1937,16950,f
Abdinasir ,Sheikh,F,02/23/2015,08/11/2017,03/10/2015,asuri,03/10/2015,asuri,06/03/1954,35700,m
Brad,O'Rear,G,03/15/2015,,03/30/2015,asuri,03/30/2015,asuri,03/26/1947,17400,f
JUAN,HERNANDEZ,H,02/27/2015,,03/14/2015,asuri,03/14/2015,asuri,10/16/1948,21450,f
eloy,valverde,I ,03/19/2015,,04/03/2015,asuri,04/03/2015,asuri,03/21/1961,24750,f
ROBERT,BOGAN,J,03/03/2015,,03/18/2015,asuri,03/18/2015,asuri,05/22/1942,16950,f
Alfonso,Garcia,K,03/23/2015,,04/07/2015,asuri,04/07/2015,asuri,07/20/1943,26100,f
Artur,Kirakosyan,L,03/07/2015,,03/22/2015,asuri,03/22/2015,asuri,11/14/1967,28050,m
Harpreet ,Singh,A,03/27/2015,,04/11/2015,asuri,04/11/2015,asuri,01/20/1963,36600,f
TODD,CHAPIN,B,03/11/2015,,03/26/2015,asuri,03/26/2015,asuri,04/05/1966,58125,f
Wilfredo ,Hernandez,C,03/31/2015,,04/15/2015,asuri,04/15/2015,asuri,08/22/1935,21300,m
Deborah,Harding,D,03/15/2015,,03/30/2015,asuri,03/30/2015,asuri,10/29/1949,22500,m
noe,rodriguez,E,04/04/2015,,04/19/2015,asuri,04/19/2015,asuri,07/26/1967,29400,m
fernando,tirado Montoya,F,03/19/2015,,04/03/2015,asuri,04/03/2015,asuri,10/08/1966,27450,m
HARDIP,ZHIM,G,04/08/2015,,04/23/2015,asuri,04/23/2015,asuri,10/09/1964,29850,m
JASSIM,ESCHEIK,H,03/23/2015,,04/07/2015,asuri,04/07/2015,asuri,11/29/1965,25350,m
Aleksandr,Pitsul,I ,04/12/2015,,04/27/2015,asuri,04/27/2015,asuri,09/21/1930,15750,f
MANUEL,LOPEZ,J,03/27/2015,,04/11/2015,asuri,04/11/2015,asuri,05/12/1938,19650,f
luis,santis,K,04/16/2015,,05/01/2015,asuri,05/01/2015,asuri,02/22/1941,21000,f
Frank,Miller ,L,03/31/2015,,04/15/2015,asuri,04/15/2015,asuri,07/15/1946,27000,m
Terry,Talbot,A,04/20/2015,,05/05/2015,asuri,05/05/2015,asuri,10/20/1959,24000,m
Ronald,Lewis,B,04/04/2015,,04/19/2015,asuri,04/19/2015,asuri,06/03/1961,78500,m
LIONEL,SAGASTUME,C,04/24/2015,,05/09/2015,asuri,05/09/2015,asuri,11/11/1955,20850,f
Dan,Smith,D,04/08/2015,,04/23/2015,asuri,04/23/2015,asuri,10/01/1930,30000,m
Alejandro Alegria,Arias,E,04/28/2015,,05/13/2015,asuri,05/13/2015,asuri,08/18/1934,28500,m
Inderjit ,Singh,F,04/12/2015,,04/27/2015,asuri,04/27/2015,asuri,02/03/1965,65000,m
Waheed,Ghaly,G,05/02/2015,,05/17/2015,asuri,05/17/2015,asuri,01/02/1959,30150,m
ENRIQUE,EBORLAS,H,04/16/2015,,05/01/2015,asuri,05/01/2015,asuri,04/15/1959,66875,m
Javier,Hernandez,I ,05/06/2015,,05/21/2015,asuri,05/21/2015,asuri,11/09/1968,24150,f
JOSE,SIERRA,J,04/20/2015,,05/05/2015,asuri,05/05/2015,asuri,01/12/1969,24450,f
ANGEL,MIDENCE,K,05/10/2015,,05/25/2015,asuri,05/25/2015,asuri,05/12/1970,21600,f
Christopher,Malcolm,L,04/24/2015,,05/09/2015,asuri,05/09/2015,asuri,06/24/1969,27900,f
Ryan,Williford,A,05/14/2015,,05/29/2015,asuri,05/29/2015,asuri,02/04/1970,29100,f
cesar,ruiz castellanos,B,04/28/2015,,05/13/2015,asuri,05/13/2015,asuri,03/09/1970,22650,f
Dion,Cracraft,C,05/18/2015,,06/02/2015,asuri,06/02/2015,asuri,08/17/1970,20850,f
Robert J,Carroll,D,05/02/2015,,05/17/2015,asuri,05/17/2015,asuri,01/17/1970,22950,f
SAUL ,SANTAMARIA,E,05/22/2015,,06/06/2015,asuri,06/06/2015,asuri,11/21/1970,30600,f
Venancio,Reina,F,05/06/2015,,05/21/2015,asuri,05/21/2015,asuri,02/06/1970,20400,f
Jerry,Pliska,G,05/26/2015,,06/10/2015,asuri,06/10/2015,asuri,08/06/1969,23850,f
Michael ,Wong,H,05/10/2015,,05/25/2015,asuri,05/25/2015,asuri,03/14/1970,22800,f
JOSE,RENDEROS,I ,05/30/2015,,06/14/2015,asuri,06/14/2015,asuri,02/07/1970,20700,f
ALOISSES,RODRIGUEZ,J,05/14/2015,,05/29/2015,asuri,05/29/2015,asuri,04/28/1970,21300,f
Tomas,Sanchez,K,06/03/2015,,06/18/2015,asuri,06/18/2015,asuri,05/01/1953,24300,f
dev,badhan,L,05/18/2015,,06/02/2015,asuri,06/02/2015,asuri,07/12/1944,19650,f
JORGE ,GRIMALDY   ,D,06/07/2015,,06/22/2015,asuri,06/22/2015,asuri,10/05/1965,60000,m
Simarjit,Singh,E,05/22/2015,,06/06/2015,asuri,06/06/2015,asuri,09/06/1965,30300,m
Plaze,Sexton,F,06/11/2015,,06/26/2015,asuri,06/26/2015,asuri,02/12/1964,61250,m
Ronald,Shoemaker,G,05/26/2015,,06/10/2015,asuri,06/10/2015,asuri,11/21/1962,36000,m
STACEY ,COLLETT,H,06/15/2015,,06/30/2015,asuri,06/30/2015,asuri,01/09/1942,25200,f
FELIPE,MARTINEZ,I ,05/30/2015,,06/14/2015,asuri,06/14/2015,asuri,08/21/1931,16200,f
Edgardo,Solis,J,06/19/2015,,07/04/2015,asuri,07/04/2015,asuri,06/16/1970,22800,f
NAZARIO,FLORES,K,06/03/2015,,06/18/2015,asuri,06/18/2015,asuri,03/13/1966,43500,f
Johnny,To,L,06/23/2015,,07/08/2015,asuri,07/08/2015,asuri,01/08/1961,30300,m
John,Cordell,A,06/07/2015,,06/22/2015,asuri,06/22/2015,asuri,05/02/1963,31950,m
Daniel ,Elizarraras,B,06/27/2015,,07/12/2015,asuri,07/12/2015,asuri,01/16/1965,35250,m
Paramjit Singh,Gosal,C,06/11/2015,,06/26/2015,asuri,06/26/2015,asuri,07/22/1967,37800,m
Antocnio ,Cordero,D,07/01/2015,,07/16/2015,asuri,07/16/2015,asuri,06/05/1965,31200,m
gurnek,singh,E,06/15/2015,,06/30/2015,asuri,06/30/2015,asuri,10/20/1964,29400,m
Charles ,Sapien,F,07/05/2015,,07/20/2015,asuri,07/20/2015,asuri,07/16/1957,70000,m
Frankie ,Gilbert,G,06/19/2015,,07/04/2015,asuri,07/04/2015,asuri,11/01/1961,33900,m
Edgar,Perez,H,07/09/2015,,07/24/2015,asuri,07/24/2015,asuri,07/20/1963,27150,m
Randolph,Bullard,I ,06/23/2015,,07/08/2015,asuri,07/08/2015,asuri,04/26/1936,22200,f
Edwin,Capulong,J,07/13/2015,,07/28/2015,asuri,07/28/2015,asuri,07/06/1966,31350,f
corey ,applewhite,K,06/27/2015,,07/12/2015,asuri,07/12/2015,asuri,01/26/1942,20850,f
Yasin,Shakarov,L,07/17/2015,,08/01/2015,asuri,08/01/2015,asuri,10/27/1952,33300,m
Ibrahim,Guven,A,07/01/2015,,07/16/2015,asuri,07/16/2015,asuri,04/21/1942,26250,m
kuldip,sandhu,B,07/21/2015,,08/05/2015,asuri,08/05/2015,asuri,02/28/1964,31950,m
Oscar,Caro,C,07/05/2015,,07/20/2015,asuri,07/20/2015,asuri,08/13/1946,30000,m
Jeff,Martin,D,07/25/2015,,08/09/2015,asuri,08/09/2015,asuri,04/29/1956,66250,m
OSCAR,FIGUEROA,E,07/09/2015,,07/24/2015,asuri,07/24/2015,asuri,01/15/1959,86250,m
DMYTRO,SYROVOI,F,07/29/2015,,08/13/2015,asuri,08/13/2015,asuri,03/12/1964,30750,m
Satvir,Gill,G,07/13/2015,,07/28/2015,asuri,07/28/2015,asuri,11/15/1966,33540,m
Albert,Adjian,H,08/02/2015,,08/17/2015,asuri,08/17/2015,asuri,11/15/1966,34950,m
carl,parra,I ,07/17/2015,,08/01/2015,asuri,08/01/2015,asuri,05/24/1964,40350,m
kiranjeet,sekhon,J,08/06/2015,,08/21/2015,asuri,08/21/2015,asuri,05/27/1965,30270,m
Mykola,Koshman,K,07/21/2015,,08/05/2015,asuri,08/05/2015,asuri,09/04/1933,26250,m
stefan,csercse,L,08/10/2015,,08/25/2015,asuri,08/25/2015,asuri,10/11/1964,32400,m
Jimmy ,Maciel,A,07/25/2015,,08/09/2015,asuri,08/09/2015,asuri,06/25/1970,20400,f
James,Pope,B,08/14/2015,,08/29/2015,asuri,08/29/2015,asuri,11/10/1947,24150,f
Brando A.,Viado,C,07/29/2015,,08/13/2015,asuri,08/13/2015,asuri,08/02/1949,23850,f
tom,nulman,D,08/18/2015,,09/02/2015,asuri,09/02/2015,asuri,09/18/1968,29700,f
Louis,Salazar,E,08/02/2015,,08/17/2015,asuri,08/17/2015,asuri,02/10/1929,21600,f
Bill,Aboudi,F,08/22/2015,,09/06/2015,asuri,09/06/2015,asuri,09/16/1961,24450,f
kathleen,quetin,G,08/06/2015,,08/21/2015,asuri,08/21/2015,asuri,08/04/1963,28050,m
Fernando,Ruiz,H,08/26/2015,,09/10/2015,asuri,09/10/2015,asuri,08/03/1958,100000,m
Robert,Wegis,I ,08/10/2015,,08/25/2015,asuri,08/25/2015,asuri,07/02/1961,49000,m
Gurtej,Singh,J,08/30/2015,,09/14/2015,asuri,09/14/2015,asuri,06/05/1933,16350,f
RAJEEV,SHARMA,K,08/14/2015,,08/29/2015,asuri,08/29/2015,asuri,01/02/1966,70000,m
Alvin,Beltrami,L,09/03/2015,,09/18/2015,asuri,09/18/2015,asuri,07/21/1954,55000,m
Baljeet,Ghumman,A,08/18/2015,,09/02/2015,asuri,09/02/2015,asuri,07/19/1969,28500,m
Eduardo,Ramirez,B,09/07/2015,,09/22/2015,asuri,09/22/2015,asuri,08/13/1953,28800,m
Revaz,Matsiashvili,C,08/22/2015,,09/06/2015,asuri,09/06/2015,asuri,08/07/1930,24450,m
jose,garcia,D,09/11/2015,,09/26/2015,asuri,09/26/2015,asuri,07/28/1965,90625,m
jerry,whitaker,E,08/26/2015,,09/10/2015,asuri,09/10/2015,asuri,01/17/1964,43650,m
Ruben,Perez,F,09/15/2015,,09/30/2015,asuri,09/30/2015,asuri,10/17/1959,75000,m
David,Fleming,G,08/30/2015,,09/14/2015,asuri,09/14/2015,asuri,05/27/1968,31650,m
MARCUS,MORRIS,H,09/19/2015,,10/04/2015,asuri,10/04/2015,asuri,07/06/1965,61875,m
Peter,Zebrowski,I ,09/03/2015,,09/18/2015,asuri,09/18/2015,asuri,02/10/1971,21750,f
CRISTIAN,LOERA,J,09/23/2015,,10/08/2015,asuri,10/08/2015,asuri,08/12/1969,22500,f
kulwinder,singh,K,09/07/2015,,09/22/2015,asuri,09/22/2015,asuri,11/08/1943,21600,f
RONALD,SAURETTE,L,09/27/2015,,10/12/2015,asuri,10/12/2015,asuri,10/18/1963,34410,f
CESAR,LOPEZ,A,09/11/2015,,09/26/2015,asuri,09/26/2015,asuri,10/15/1934,20700,f
guangping,zhang,B,10/01/2015,03/19/2018,10/16/2015,asuri,10/16/2015,asuri,03/20/1962,47550,m
Omar,Snoubar,C,09/15/2015,03/03/2018,09/30/2015,asuri,09/30/2015,asuri,07/20/1962,33900,m
ROBERT,DE LEON,D,10/05/2015,03/23/2018,10/20/2015,asuri,10/20/2015,asuri,06/15/1948,23400,f
Juana,Majano,E,09/19/2015,03/07/2018,10/04/2015,asuri,10/04/2015,asuri,08/18/1967,32850,f
Jeffrey,Ford,F,10/09/2015,03/27/2018,10/24/2015,asuri,10/24/2015,asuri,11/28/1965,55750,f
Alpidio,Hernandez,G,09/23/2015,03/11/2018,10/08/2015,asuri,10/08/2015,asuri,06/01/1964,25200,f
Wayne,Mack,H,10/13/2015,03/31/2018,10/28/2015,asuri,10/28/2015,asuri,01/22/1964,26250,m
david,juarez,I ,09/27/2015,03/15/2018,10/12/2015,asuri,10/12/2015,asuri,08/03/1966,26400,m
Balamutaly,Murugesu,J,10/17/2015,04/04/2018,11/01/2015,asuri,11/01/2015,asuri,02/21/1966,39150,m
Joel,Mahler,K,10/01/2015,03/19/2018,10/16/2015,asuri,10/16/2015,asuri,11/25/1937,21450,f
FERNANDO,FIGUEROA,L,10/21/2015,04/08/2018,11/05/2015,asuri,11/05/2015,asuri,11/05/1968,29400,f
Jose,Martinez,D,10/05/2015,03/23/2018,10/20/2015,asuri,10/20/2015,asuri,10/18/1963,31400,m
Parminder,Dhaliwal,E,10/25/2015,04/12/2018,11/09/2015,asuri,11/09/2015,asuri,10/15/1934,33400,m
Rosita,Casillas,F,10/09/2015,03/27/2018,10/24/2015,asuri,10/24/2015,asuri,03/20/1962,35400,m
RICARDO,FERNANDEZ,G,10/29/2015,04/16/2018,11/13/2015,asuri,11/13/2015,asuri,07/20/1962,37400,m
Jose Antonio,Cardenas,H,10/13/2015,03/31/2018,10/28/2015,asuri,10/28/2015,asuri,06/15/1948,39400,m
abel,sanchez casillas,I ,11/02/2015,04/20/2018,11/17/2015,asuri,11/17/2015,asuri,08/18/1967,41400,m
Teklemariam,Hiyabu,J,10/17/2015,04/04/2018,11/01/2015,asuri,11/01/2015,asuri,11/28/1965,43400,f
EFRAIN ,RODRIGUEZ,K,11/06/2015,04/24/2018,11/21/2015,asuri,11/21/2015,asuri,06/01/1964,45400,m
herminio,soto,L,10/21/2015,04/08/2018,11/05/2015,asuri,11/05/2015,asuri,01/22/1964,47400,m
Efren ,Sanchez,L,11/10/2015,04/28/2018,11/25/2015,asuri,11/25/2015,asuri,08/03/1966,49400,m
Juan,Ordonez,D,10/25/2015,04/12/2018,11/09/2015,asuri,11/09/2015,asuri,02/21/1966,51400,m
ALVARO,HERNANDEZ,E,11/14/2015,05/02/2018,11/29/2015,asuri,11/29/2015,asuri,11/25/1937,53400,m
Michelle,Uskuraitis,F,10/29/2015,04/16/2018,11/13/2015,asuri,11/13/2015,asuri,11/05/1968,55400,m
jay,dibattista,G,11/18/2015,,12/03/2015,asuri,12/03/2015,asuri,10/18/1963,57400,m
Stanley ,Liu ,H,11/02/2015,,11/17/2015,asuri,11/17/2015,asuri,10/15/1934,59400,m
Denny,Yard,I ,11/22/2015,,12/07/2015,asuri,12/07/2015,asuri,03/20/1962,61400,m
rimantas,talalas,J,11/06/2015,,11/21/2015,asuri,11/21/2015,asuri,07/20/1962,63400,m
xuong,nguyen,K,11/26/2015,,12/11/2015,asuri,12/11/2015,asuri,06/15/1948,65400,m
Argisht,Abramyan,L,11/10/2015,,11/25/2015,asuri,11/25/2015,asuri,08/18/1967,67400,m
JOSE,ALONSO,L,11/30/2015,,12/15/2015,asuri,12/15/2015,asuri,11/28/1965,69400,m
